Workbook

Sheet Setup
A1: 4‑Player Rotating Teams Golf Game – Setup
A3: Players (enter names + driving distance)
A4: Player ID | B4: Player Name | C4: Driving Rank (1-4) | D4: Notes
A5: 1 | B5: Nick | D5: Enter rank 1-4
A6: 2 | B6: Paul | D6: Enter rank 1-4
A7: 3 | B7: Sam | D7: Enter rank 1-4
A8: 4 | B8: Andy | D8: Enter rank 1-4
A10: How teams are formed
A11: Hole 1: teams are balanced using driving distance (longest pairs with shortest; 2nd with 3rd).
A12: Hole 2 onward: teams are balanced using total score through the previous hole:
A13: • Lowest (best) total score pairs with highest (worst) total score.
A14: • If totals are tied, the previous hole score breaks the tie (lower is better).
A15: • If still tied, driving distance breaks the tie (longer ranks first).
A17: Enter each player's score for each hole on the Scorecard sheet as score relative to par (e.g., -1, 0, +2).
A20: Points per player (based on TEAM hole score relative to par)
A21: Team Hole Score | B21: Points / Player
A22: ≤ -2 | B22: 16
A23: -1 | B23: 8
A24: 0 | B24: 4
A25: 1 | B25: 2
A26: 2 | B26: 1
A27: ≥ 3 | B27: 0

Sheet Scorecard
A1: Scorecard (enter each player's score relative to par for each hole)
A3: Hole | B3: =Setup!B5 -> Nick | C3: =Setup!B6 -> Paul | D3: =Setup!B7 -> Sam | E3: =Setup!B8 -> Andy | F3: =Setup!B5&" Cum" -> Nick Cum | G3: =Setup!B6&" Cum" -> Paul Cum | H3: =Setup!B7&" Cum" -> Sam Cum | I3: =Setup!B8&" Cum" -> Andy Cum | J3: =Setup!B5&" Team" -> Nick Team | K3: =Setup!B6&" Team" -> Paul Team | L3: =Setup!B7&" Team" -> Sam Team | M3: =Setup!B8&" Team" -> Andy Team | N3: Team A Hole Score | O3: Team B Hole Score | P3: Pts/Player Team A | Q3: Pts/Player Team B | R3: =Setup!B5&" BasePts" -> Nick BasePts | S3: =Setup!B6&" BasePts" -> Paul BasePts | T3: =Setup!B7&" BasePts" -> Sam BasePts | U3: =Setup!B8&" BasePts" -> Andy BasePts | V3: Team A Total BasePts | W3: Team B Total BasePts | X3: Net BasePts (A − B) | Y3: Key P1 | Z3: Key P2 | AA3: Key P3 | AB3: Key P4 | AC3: Rank P1 | AD3: Rank P2 | AE3: Rank P3 | AF3: Rank P4 | AG3: =Setup!B5&" Net" -> Nick Net | AH3: =Setup!B6&" Net" -> Paul Net | AI3: =Setup!B7&" Net" -> Sam Net | AJ3: =Setup!B8&" Net" -> Andy Net
A4: 1 | F4: =IF($B4="","",SUM($B$4:B4)) | G4: =IF($C4="","",SUM($C$4:C4)) | H4: =IF($D4="","",SUM($D$4:D4)) | I4: =IF($E4="","",SUM($E$4:E4)) | J4: =IF(Setup!$C$5="","",IF(OR(Setup!$C$5=1,Setup!$C$5=4),"A","B")) | K4: =IF(Setup!$C$6="","",IF(OR(Setup!$C$6=1,Setup!$C$6=4),"A","B")) | L4: =IF(Setup!$C$7="","",IF(OR(Setup!$C$7=1,Setup!$C$7=4),"A","B")) | M4: =IF(Setup!$C$8="","",IF(OR(Setup!$C$8=1,Setup!$C$8=4),"A","B")) | N4: =IF(COUNT($B4:$E4)<4,"",SUMIF($J4:$M4,"A",$B4:$E4)) | O4: =IF(COUNT($B4:$E4)<4,"",SUMIF($J4:$M4,"B",$B4:$E4)) | P4: =IF(N4="","",IF(N4<=-2,16,IF(N4=-1,8,IF(N4=0,4,IF(N4=1,2,IF(N4=2,1,0)))))) | Q4: =IF(O4="","",IF(O4<=-2,16,IF(O4=-1,8,IF(O4=0,4,IF(O4=1,2,IF(O4=2,1,0)))))) | R4: =IF(B4="","",IF(B4<=-2,16,IF(B4=-1,8,IF(B4=0,4,IF(B4=1,2,IF(B4=2,1,0)))))) | S4: =IF(C4="","",IF(C4<=-2,16,IF(C4=-1,8,IF(C4=0,4,IF(C4=1,2,IF(C4=2,1,0)))))) | T4: =IF(D4="","",IF(D4<=-2,16,IF(D4=-1,8,IF(D4=0,4,IF(D4=1,2,IF(D4=2,1,0)))))) | U4: =IF(E4="","",IF(E4<=-2,16,IF(E4=-1,8,IF(E4=0,4,IF(E4=1,2,IF(E4=2,1,0)))))) | V4: =IF(COUNT($B4:$E4)<4,"",SUMIF($J4:$M4,"A",$R4:$U4)) | W4: =IF(COUNT($B4:$E4)<4,"",SUMIF($J4:$M4,"B",$R4:$U4)) | X4: =IF($V4="","",$V4-$W4) | Y4: =IF(B4="","",B4+Setup!$C$5/1000+0.00001) | Z4: =IF(C4="","",C4+Setup!$C$6/1000+0.00002) | AA4: =IF(D4="","",D4+Setup!$C$7/1000+0.00003) | AB4: =IF(E4="","",E4+Setup!$C$8/1000+0.00004) | AC4: =IF(Y4="","",1+COUNTIF($Y4:$AB4,"<"&Y4)) | AD4: =IF(Z4="","",1+COUNTIF($Y4:$AB4,"<"&Z4)) | AE4: =IF(AA4="","",1+COUNTIF($Y4:$AB4,"<"&AA4)) | AF4: =IF(AB4="","",1+COUNTIF($Y4:$AB4,"<"&AB4)) | AG4: =IF(B4="","",IF(J4="A",X4,-X4)) | AH4: =IF(C4="","",IF(K4="A",X4,-X4)) | AI4: =IF(D4="","",IF(L4="A",X4,-X4)) | AJ4: =IF(E4="","",IF(M4="A",X4,-X4))
A5: 2 | F5: =IF($B5="","",SUM($B$4:B5)) | G5: =IF($C5="","",SUM($C$4:C5)) | H5: =IF($D5="","",SUM($D$4:D5)) | I5: =IF($E5="","",SUM($E$4:E5)) | J5: =IF(AC4="","",IF(OR(AC4=1,AC4=4),"A","B")) | K5: =IF(AD4="","",IF(OR(AD4=1,AD4=4),"A","B")) | L5: =IF(AE4="","",IF(OR(AE4=1,AE4=4),"A","B")) | M5: =IF(AF4="","",IF(OR(AF4=1,AF4=4),"A","B")) | N5: =IF(COUNT($B5:$E5)<4,"",SUMIF($J5:$M5,"A",$B5:$E5)) | O5: =IF(COUNT($B5:$E5)<4,"",SUMIF($J5:$M5,"B",$B5:$E5)) | P5: =IF(N5="","",IF(N5<=-2,16,IF(N5=-1,8,IF(N5=0,4,IF(N5=1,2,IF(N5=2,1,0)))))) | Q5: =IF(O5="","",IF(O5<=-2,16,IF(O5=-1,8,IF(O5=0,4,IF(O5=1,2,IF(O5=2,1,0)))))) | R5: =IF(B5="","",IF(B5<=-2,16,IF(B5=-1,8,IF(B5=0,4,IF(B5=1,2,IF(B5=2,1,0)))))) | S5: =IF(C5="","",IF(C5<=-2,16,IF(C5=-1,8,IF(C5=0,4,IF(C5=1,2,IF(C5=2,1,0)))))) | T5: =IF(D5="","",IF(D5<=-2,16,IF(D5=-1,8,IF(D5=0,4,IF(D5=1,2,IF(D5=2,1,0)))))) | U5: =IF(E5="","",IF(E5<=-2,16,IF(E5=-1,8,IF(E5=0,4,IF(E5=1,2,IF(E5=2,1,0)))))) | V5: =IF(COUNT($B5:$E5)<4,"",SUMIF($J5:$M5,"A",$R5:$U5)) | W5: =IF(COUNT($B5:$E5)<4,"",SUMIF($J5:$M5,"B",$R5:$U5)) | X5: =IF($V5="","",$V5-$W5) | Y5: =IF(B5="","",B5+AC4/1000+0.00001) | Z5: =IF(C5="","",C5+AD4/1000+0.00002) | AA5: =IF(D5="","",D5+AE4/1000+0.00003) | AB5: =IF(E5="","",E5+AF4/1000+0.00004) | AC5: =IF(Y5="","",1+COUNTIF($Y5:$AB5,"<"&Y5)) | AD5: =IF(Z5="","",1+COUNTIF($Y5:$AB5,"<"&Z5)) | AE5: =IF(AA5="","",1+COUNTIF($Y5:$AB5,"<"&AA5)) | AF5: =IF(AB5="","",1+COUNTIF($Y5:$AB5,"<"&AB5)) | AG5: =IF(B5="","",IF(J5="A",X5,-X5)) | AH5: =IF(C5="","",IF(K5="A",X5,-X5)) | AI5: =IF(D5="","",IF(L5="A",X5,-X5)) | AJ5: =IF(E5="","",IF(M5="A",X5,-X5))
A6: 3 | F6: =IF($B6="","",SUM($B$4:B6)) | G6: =IF($C6="","",SUM($C$4:C6)) | H6: =IF($D6="","",SUM($D$4:D6)) | I6: =IF($E6="","",SUM($E$4:E6)) | J6: =IF(AC5="","",IF(OR(AC5=1,AC5=4),"A","B")) | K6: =IF(AD5="","",IF(OR(AD5=1,AD5=4),"A","B")) | L6: =IF(AE5="","",IF(OR(AE5=1,AE5=4),"A","B")) | M6: =IF(AF5="","",IF(OR(AF5=1,AF5=4),"A","B")) | N6: =IF(COUNT($B6:$E6)<4,"",SUMIF($J6:$M6,"A",$B6:$E6)) | O6: =IF(COUNT($B6:$E6)<4,"",SUMIF($J6:$M6,"B",$B6:$E6)) | P6: =IF(N6="","",IF(N6<=-2,16,IF(N6=-1,8,IF(N6=0,4,IF(N6=1,2,IF(N6=2,1,0)))))) | Q6: =IF(O6="","",IF(O6<=-2,16,IF(O6=-1,8,IF(O6=0,4,IF(O6=1,2,IF(O6=2,1,0)))))) | R6: =IF(B6="","",IF(B6<=-2,16,IF(B6=-1,8,IF(B6=0,4,IF(B6=1,2,IF(B6=2,1,0)))))) | S6: =IF(C6="","",IF(C6<=-2,16,IF(C6=-1,8,IF(C6=0,4,IF(C6=1,2,IF(C6=2,1,0)))))) | T6: =IF(D6="","",IF(D6<=-2,16,IF(D6=-1,8,IF(D6=0,4,IF(D6=1,2,IF(D6=2,1,0)))))) | U6: =IF(E6="","",IF(E6<=-2,16,IF(E6=-1,8,IF(E6=0,4,IF(E6=1,2,IF(E6=2,1,0)))))) | V6: =IF(COUNT($B6:$E6)<4,"",SUMIF($J6:$M6,"A",$R6:$U6)) | W6: =IF(COUNT($B6:$E6)<4,"",SUMIF($J6:$M6,"B",$R6:$U6)) | X6: =IF($V6="","",$V6-$W6) | Y6: =IF(B6="","",B6+AC5/1000+0.00001) | Z6: =IF(C6="","",C6+AD5/1000+0.00002) | AA6: =IF(D6="","",D6+AE5/1000+0.00003) | AB6: =IF(E6="","",E6+AF5/1000+0.00004) | AC6: =IF(Y6="","",1+COUNTIF($Y6:$AB6,"<"&Y6)) | AD6: =IF(Z6="","",1+COUNTIF($Y6:$AB6,"<"&Z6)) | AE6: =IF(AA6="","",1+COUNTIF($Y6:$AB6,"<"&AA6)) | AF6: =IF(AB6="","",1+COUNTIF($Y6:$AB6,"<"&AB6)) | AG6: =IF(B6="","",IF(J6="A",X6,-X6)) | AH6: =IF(C6="","",IF(K6="A",X6,-X6)) | AI6: =IF(D6="","",IF(L6="A",X6,-X6)) | AJ6: =IF(E6="","",IF(M6="A",X6,-X6))
A7: 4 | F7: =IF($B7="","",SUM($B$4:B7)) | G7: =IF($C7="","",SUM($C$4:C7)) | H7: =IF($D7="","",SUM($D$4:D7)) | I7: =IF($E7="","",SUM($E$4:E7)) | J7: =IF(AC6="","",IF(OR(AC6=1,AC6=4),"A","B")) | K7: =IF(AD6="","",IF(OR(AD6=1,AD6=4),"A","B")) | L7: =IF(AE6="","",IF(OR(AE6=1,AE6=4),"A","B")) | M7: =IF(AF6="","",IF(OR(AF6=1,AF6=4),"A","B")) | N7: =IF(COUNT($B7:$E7)<4,"",SUMIF($J7:$M7,"A",$B7:$E7)) | O7: =IF(COUNT($B7:$E7)<4,"",SUMIF($J7:$M7,"B",$B7:$E7)) | P7: =IF(N7="","",IF(N7<=-2,16,IF(N7=-1,8,IF(N7=0,4,IF(N7=1,2,IF(N7=2,1,0)))))) | Q7: =IF(O7="","",IF(O7<=-2,16,IF(O7=-1,8,IF(O7=0,4,IF(O7=1,2,IF(O7=2,1,0)))))) | R7: =IF(B7="","",IF(B7<=-2,16,IF(B7=-1,8,IF(B7=0,4,IF(B7=1,2,IF(B7=2,1,0)))))) | S7: =IF(C7="","",IF(C7<=-2,16,IF(C7=-1,8,IF(C7=0,4,IF(C7=1,2,IF(C7=2,1,0)))))) | T7: =IF(D7="","",IF(D7<=-2,16,IF(D7=-1,8,IF(D7=0,4,IF(D7=1,2,IF(D7=2,1,0)))))) | U7: =IF(E7="","",IF(E7<=-2,16,IF(E7=-1,8,IF(E7=0,4,IF(E7=1,2,IF(E7=2,1,0)))))) | V7: =IF(COUNT($B7:$E7)<4,"",SUMIF($J7:$M7,"A",$R7:$U7)) | W7: =IF(COUNT($B7:$E7)<4,"",SUMIF($J7:$M7,"B",$R7:$U7)) | X7: =IF($V7="","",$V7-$W7) | Y7: =IF(B7="","",B7+AC6/1000+0.00001) | Z7: =IF(C7="","",C7+AD6/1000+0.00002) | AA7: =IF(D7="","",D7+AE6/1000+0.00003) | AB7: =IF(E7="","",E7+AF6/1000+0.00004) | AC7: =IF(Y7="","",1+COUNTIF($Y7:$AB7,"<"&Y7)) | AD7: =IF(Z7="","",1+COUNTIF($Y7:$AB7,"<"&Z7)) | AE7: =IF(AA7="","",1+COUNTIF($Y7:$AB7,"<"&AA7)) | AF7: =IF(AB7="","",1+COUNTIF($Y7:$AB7,"<"&AB7)) | AG7: =IF(B7="","",IF(J7="A",X7,-X7)) | AH7: =IF(C7="","",IF(K7="A",X7,-X7)) | AI7: =IF(D7="","",IF(L7="A",X7,-X7)) | AJ7: =IF(E7="","",IF(M7="A",X7,-X7))
A8: 5 | F8: =IF($B8="","",SUM($B$4:B8)) | G8: =IF($C8="","",SUM($C$4:C8)) | H8: =IF($D8="","",SUM($D$4:D8)) | I8: =IF($E8="","",SUM($E$4:E8)) | J8: =IF(AC7="","",IF(OR(AC7=1,AC7=4),"A","B")) | K8: =IF(AD7="","",IF(OR(AD7=1,AD7=4),"A","B")) | L8: =IF(AE7="","",IF(OR(AE7=1,AE7=4),"A","B")) | M8: =IF(AF7="","",IF(OR(AF7=1,AF7=4),"A","B")) | N8: =IF(COUNT($B8:$E8)<4,"",SUMIF($J8:$M8,"A",$B8:$E8)) | O8: =IF(COUNT($B8:$E8)<4,"",SUMIF($J8:$M8,"B",$B8:$E8)) | P8: =IF(N8="","",IF(N8<=-2,16,IF(N8=-1,8,IF(N8=0,4,IF(N8=1,2,IF(N8=2,1,0)))))) | Q8: =IF(O8="","",IF(O8<=-2,16,IF(O8=-1,8,IF(O8=0,4,IF(O8=1,2,IF(O8=2,1,0)))))) | R8: =IF(B8="","",IF(B8<=-2,16,IF(B8=-1,8,IF(B8=0,4,IF(B8=1,2,IF(B8=2,1,0)))))) | S8: =IF(C8="","",IF(C8<=-2,16,IF(C8=-1,8,IF(C8=0,4,IF(C8=1,2,IF(C8=2,1,0)))))) | T8: =IF(D8="","",IF(D8<=-2,16,IF(D8=-1,8,IF(D8=0,4,IF(D8=1,2,IF(D8=2,1,0)))))) | U8: =IF(E8="","",IF(E8<=-2,16,IF(E8=-1,8,IF(E8=0,4,IF(E8=1,2,IF(E8=2,1,0)))))) | V8: =IF(COUNT($B8:$E8)<4,"",SUMIF($J8:$M8,"A",$R8:$U8)) | W8: =IF(COUNT($B8:$E8)<4,"",SUMIF($J8:$M8,"B",$R8:$U8)) | X8: =IF($V8="","",$V8-$W8) | Y8: =IF(B8="","",B8+AC7/1000+0.00001) | Z8: =IF(C8="","",C8+AD7/1000+0.00002) | AA8: =IF(D8="","",D8+AE7/1000+0.00003) | AB8: =IF(E8="","",E8+AF7/1000+0.00004) | AC8: =IF(Y8="","",1+COUNTIF($Y8:$AB8,"<"&Y8)) | AD8: =IF(Z8="","",1+COUNTIF($Y8:$AB8,"<"&Z8)) | AE8: =IF(AA8="","",1+COUNTIF($Y8:$AB8,"<"&AA8)) | AF8: =IF(AB8="","",1+COUNTIF($Y8:$AB8,"<"&AB8)) | AG8: =IF(B8="","",IF(J8="A",X8,-X8)) | AH8: =IF(C8="","",IF(K8="A",X8,-X8)) | AI8: =IF(D8="","",IF(L8="A",X8,-X8)) | AJ8: =IF(E8="","",IF(M8="A",X8,-X8))
A9: 6 | F9: =IF($B9="","",SUM($B$4:B9)) | G9: =IF($C9="","",SUM($C$4:C9)) | H9: =IF($D9="","",SUM($D$4:D9)) | I9: =IF($E9="","",SUM($E$4:E9)) | J9: =IF(AC8="","",IF(OR(AC8=1,AC8=4),"A","B")) | K9: =IF(AD8="","",IF(OR(AD8=1,AD8=4),"A","B")) | L9: =IF(AE8="","",IF(OR(AE8=1,AE8=4),"A","B")) | M9: =IF(AF8="","",IF(OR(AF8=1,AF8=4),"A","B")) | N9: =IF(COUNT($B9:$E9)<4,"",SUMIF($J9:$M9,"A",$B9:$E9)) | O9: =IF(COUNT($B9:$E9)<4,"",SUMIF($J9:$M9,"B",$B9:$E9)) | P9: =IF(N9="","",IF(N9<=-2,16,IF(N9=-1,8,IF(N9=0,4,IF(N9=1,2,IF(N9=2,1,0)))))) | Q9: =IF(O9="","",IF(O9<=-2,16,IF(O9=-1,8,IF(O9=0,4,IF(O9=1,2,IF(O9=2,1,0)))))) | R9: =IF(B9="","",IF(B9<=-2,16,IF(B9=-1,8,IF(B9=0,4,IF(B9=1,2,IF(B9=2,1,0)))))) | S9: =IF(C9="","",IF(C9<=-2,16,IF(C9=-1,8,IF(C9=0,4,IF(C9=1,2,IF(C9=2,1,0)))))) | T9: =IF(D9="","",IF(D9<=-2,16,IF(D9=-1,8,IF(D9=0,4,IF(D9=1,2,IF(D9=2,1,0)))))) | U9: =IF(E9="","",IF(E9<=-2,16,IF(E9=-1,8,IF(E9=0,4,IF(E9=1,2,IF(E9=2,1,0)))))) | V9: =IF(COUNT($B9:$E9)<4,"",SUMIF($J9:$M9,"A",$R9:$U9)) | W9: =IF(COUNT($B9:$E9)<4,"",SUMIF($J9:$M9,"B",$R9:$U9)) | X9: =IF($V9="","",$V9-$W9) | Y9: =IF(B9="","",B9+AC8/1000+0.00001) | Z9: =IF(C9="","",C9+AD8/1000+0.00002) | AA9: =IF(D9="","",D9+AE8/1000+0.00003) | AB9: =IF(E9="","",E9+AF8/1000+0.00004) | AC9: =IF(Y9="","",1+COUNTIF($Y9:$AB9,"<"&Y9)) | AD9: =IF(Z9="","",1+COUNTIF($Y9:$AB9,"<"&Z9)) | AE9: =IF(AA9="","",1+COUNTIF($Y9:$AB9,"<"&AA9)) | AF9: =IF(AB9="","",1+COUNTIF($Y9:$AB9,"<"&AB9)) | AG9: =IF(B9="","",IF(J9="A",X9,-X9)) | AH9: =IF(C9="","",IF(K9="A",X9,-X9)) | AI9: =IF(D9="","",IF(L9="A",X9,-X9)) | AJ9: =IF(E9="","",IF(M9="A",X9,-X9))
A10: 7 | F10: =IF($B10="","",SUM($B$4:B10)) | G10: =IF($C10="","",SUM($C$4:C10)) | H10: =IF($D10="","",SUM($D$4:D10)) | I10: =IF($E10="","",SUM($E$4:E10)) | J10: =IF(AC9="","",IF(OR(AC9=1,AC9=4),"A","B")) | K10: =IF(AD9="","",IF(OR(AD9=1,AD9=4),"A","B")) | L10: =IF(AE9="","",IF(OR(AE9=1,AE9=4),"A","B")) | M10: =IF(AF9="","",IF(OR(AF9=1,AF9=4),"A","B")) | N10: =IF(COUNT($B10:$E10)<4,"",SUMIF($J10:$M10,"A",$B10:$E10)) | O10: =IF(COUNT($B10:$E10)<4,"",SUMIF($J10:$M10,"B",$B10:$E10)) | P10: =IF(N10="","",IF(N10<=-2,16,IF(N10=-1,8,IF(N10=0,4,IF(N10=1,2,IF(N10=2,1,0)))))) | Q10: =IF(O10="","",IF(O10<=-2,16,IF(O10=-1,8,IF(O10=0,4,IF(O10=1,2,IF(O10=2,1,0)))))) | R10: =IF(B10="","",IF(B10<=-2,16,IF(B10=-1,8,IF(B10=0,4,IF(B10=1,2,IF(B10=2,1,0)))))) | S10: =IF(C10="","",IF(C10<=-2,16,IF(C10=-1,8,IF(C10=0,4,IF(C10=1,2,IF(C10=2,1,0)))))) | T10: =IF(D10="","",IF(D10<=-2,16,IF(D10=-1,8,IF(D10=0,4,IF(D10=1,2,IF(D10=2,1,0)))))) | U10: =IF(E10="","",IF(E10<=-2,16,IF(E10=-1,8,IF(E10=0,4,IF(E10=1,2,IF(E10=2,1,0)))))) | V10: =IF(COUNT($B10:$E10)<4,"",SUMIF($J10:$M10,"A",$R10:$U10)) | W10: =IF(COUNT($B10:$E10)<4,"",SUMIF($J10:$M10,"B",$R10:$U10)) | X10: =IF($V10="","",$V10-$W10) | Y10: =IF(B10="","",B10+AC9/1000+0.00001) | Z10: =IF(C10="","",C10+AD9/1000+0.00002) | AA10: =IF(D10="","",D10+AE9/1000+0.00003) | AB10: =IF(E10="","",E10+AF9/1000+0.00004) | AC10: =IF(Y10="","",1+COUNTIF($Y10:$AB10,"<"&Y10)) | AD10: =IF(Z10="","",1+COUNTIF($Y10:$AB10,"<"&Z10)) | AE10: =IF(AA10="","",1+COUNTIF($Y10:$AB10,"<"&AA10)) | AF10: =IF(AB10="","",1+COUNTIF($Y10:$AB10,"<"&AB10)) | AG10: =IF(B10="","",IF(J10="A",X10,-X10)) | AH10: =IF(C10="","",IF(K10="A",X10,-X10)) | AI10: =IF(D10="","",IF(L10="A",X10,-X10)) | AJ10: =IF(E10="","",IF(M10="A",X10,-X10))
A11: 8 | F11: =IF($B11="","",SUM($B$4:B11)) | G11: =IF($C11="","",SUM($C$4:C11)) | H11: =IF($D11="","",SUM($D$4:D11)) | I11: =IF($E11="","",SUM($E$4:E11)) | J11: =IF(AC10="","",IF(OR(AC10=1,AC10=4),"A","B")) | K11: =IF(AD10="","",IF(OR(AD10=1,AD10=4),"A","B")) | L11: =IF(AE10="","",IF(OR(AE10=1,AE10=4),"A","B")) | M11: =IF(AF10="","",IF(OR(AF10=1,AF10=4),"A","B")) | N11: =IF(COUNT($B11:$E11)<4,"",SUMIF($J11:$M11,"A",$B11:$E11)) | O11: =IF(COUNT($B11:$E11)<4,"",SUMIF($J11:$M11,"B",$B11:$E11)) | P11: =IF(N11="","",IF(N11<=-2,16,IF(N11=-1,8,IF(N11=0,4,IF(N11=1,2,IF(N11=2,1,0)))))) | Q11: =IF(O11="","",IF(O11<=-2,16,IF(O11=-1,8,IF(O11=0,4,IF(O11=1,2,IF(O11=2,1,0)))))) | R11: =IF(B11="","",IF(B11<=-2,16,IF(B11=-1,8,IF(B11=0,4,IF(B11=1,2,IF(B11=2,1,0)))))) | S11: =IF(C11="","",IF(C11<=-2,16,IF(C11=-1,8,IF(C11=0,4,IF(C11=1,2,IF(C11=2,1,0)))))) | T11: =IF(D11="","",IF(D11<=-2,16,IF(D11=-1,8,IF(D11=0,4,IF(D11=1,2,IF(D11=2,1,0)))))) | U11: =IF(E11="","",IF(E11<=-2,16,IF(E11=-1,8,IF(E11=0,4,IF(E11=1,2,IF(E11=2,1,0)))))) | V11: =IF(COUNT($B11:$E11)<4,"",SUMIF($J11:$M11,"A",$R11:$U11)) | W11: =IF(COUNT($B11:$E11)<4,"",SUMIF($J11:$M11,"B",$R11:$U11)) | X11: =IF($V11="","",$V11-$W11) | Y11: =IF(B11="","",B11+AC10/1000+0.00001) | Z11: =IF(C11="","",C11+AD10/1000+0.00002) | AA11: =IF(D11="","",D11+AE10/1000+0.00003) | AB11: =IF(E11="","",E11+AF10/1000+0.00004) | AC11: =IF(Y11="","",1+COUNTIF($Y11:$AB11,"<"&Y11)) | AD11: =IF(Z11="","",1+COUNTIF($Y11:$AB11,"<"&Z11)) | AE11: =IF(AA11="","",1+COUNTIF($Y11:$AB11,"<"&AA11)) | AF11: =IF(AB11="","",1+COUNTIF($Y11:$AB11,"<"&AB11)) | AG11: =IF(B11="","",IF(J11="A",X11,-X11)) | AH11: =IF(C11="","",IF(K11="A",X11,-X11)) | AI11: =IF(D11="","",IF(L11="A",X11,-X11)) | AJ11: =IF(E11="","",IF(M11="A",X11,-X11))
A12: 9 | F12: =IF($B12="","",SUM($B$4:B12)) | G12: =IF($C12="","",SUM($C$4:C12)) | H12: =IF($D12="","",SUM($D$4:D12)) | I12: =IF($E12="","",SUM($E$4:E12)) | J12: =IF(AC11="","",IF(OR(AC11=1,AC11=4),"A","B")) | K12: =IF(AD11="","",IF(OR(AD11=1,AD11=4),"A","B")) | L12: =IF(AE11="","",IF(OR(AE11=1,AE11=4),"A","B")) | M12: =IF(AF11="","",IF(OR(AF11=1,AF11=4),"A","B")) | N12: =IF(COUNT($B12:$E12)<4,"",SUMIF($J12:$M12,"A",$B12:$E12)) | O12: =IF(COUNT($B12:$E12)<4,"",SUMIF($J12:$M12,"B",$B12:$E12)) | P12: =IF(N12="","",IF(N12<=-2,16,IF(N12=-1,8,IF(N12=0,4,IF(N12=1,2,IF(N12=2,1,0)))))) | Q12: =IF(O12="","",IF(O12<=-2,16,IF(O12=-1,8,IF(O12=0,4,IF(O12=1,2,IF(O12=2,1,0)))))) | R12: =IF(B12="","",IF(B12<=-2,16,IF(B12=-1,8,IF(B12=0,4,IF(B12=1,2,IF(B12=2,1,0)))))) | S12: =IF(C12="","",IF(C12<=-2,16,IF(C12=-1,8,IF(C12=0,4,IF(C12=1,2,IF(C12=2,1,0)))))) | T12: =IF(D12="","",IF(D12<=-2,16,IF(D12=-1,8,IF(D12=0,4,IF(D12=1,2,IF(D12=2,1,0)))))) | U12: =IF(E12="","",IF(E12<=-2,16,IF(E12=-1,8,IF(E12=0,4,IF(E12=1,2,IF(E12=2,1,0)))))) | V12: =IF(COUNT($B12:$E12)<4,"",SUMIF($J12:$M12,"A",$R12:$U12)) | W12: =IF(COUNT($B12:$E12)<4,"",SUMIF($J12:$M12,"B",$R12:$U12)) | X12: =IF($V12="","",$V12-$W12) | Y12: =IF(B12="","",B12+AC11/1000+0.00001) | Z12: =IF(C12="","",C12+AD11/1000+0.00002) | AA12: =IF(D12="","",D12+AE11/1000+0.00003) | AB12: =IF(E12="","",E12+AF11/1000+0.00004) | AC12: =IF(Y12="","",1+COUNTIF($Y12:$AB12,"<"&Y12)) | AD12: =IF(Z12="","",1+COUNTIF($Y12:$AB12,"<"&Z12)) | AE12: =IF(AA12="","",1+COUNTIF($Y12:$AB12,"<"&AA12)) | AF12: =IF(AB12="","",1+COUNTIF($Y12:$AB12,"<"&AB12)) | AG12: =IF(B12="","",IF(J12="A",X12,-X12)) | AH12: =IF(C12="","",IF(K12="A",X12,-X12)) | AI12: =IF(D12="","",IF(L12="A",X12,-X12)) | AJ12: =IF(E12="","",IF(M12="A",X12,-X12))
A13: 10 | F13: =IF($B13="","",SUM($B$4:B13)) | G13: =IF($C13="","",SUM($C$4:C13)) | H13: =IF($D13="","",SUM($D$4:D13)) | I13: =IF($E13="","",SUM($E$4:E13)) | J13: =IF(AC12="","",IF(OR(AC12=1,AC12=4),"A","B")) | K13: =IF(AD12="","",IF(OR(AD12=1,AD12=4),"A","B")) | L13: =IF(AE12="","",IF(OR(AE12=1,AE12=4),"A","B")) | M13: =IF(AF12="","",IF(OR(AF12=1,AF12=4),"A","B")) | N13: =IF(COUNT($B13:$E13)<4,"",SUMIF($J13:$M13,"A",$B13:$E13)) | O13: =IF(COUNT($B13:$E13)<4,"",SUMIF($J13:$M13,"B",$B13:$E13)) | P13: =IF(N13="","",IF(N13<=-2,16,IF(N13=-1,8,IF(N13=0,4,IF(N13=1,2,IF(N13=2,1,0)))))) | Q13: =IF(O13="","",IF(O13<=-2,16,IF(O13=-1,8,IF(O13=0,4,IF(O13=1,2,IF(O13=2,1,0)))))) | R13: =IF(B13="","",IF(B13<=-2,16,IF(B13=-1,8,IF(B13=0,4,IF(B13=1,2,IF(B13=2,1,0)))))) | S13: =IF(C13="","",IF(C13<=-2,16,IF(C13=-1,8,IF(C13=0,4,IF(C13=1,2,IF(C13=2,1,0)))))) | T13: =IF(D13="","",IF(D13<=-2,16,IF(D13=-1,8,IF(D13=0,4,IF(D13=1,2,IF(D13=2,1,0)))))) | U13: =IF(E13="","",IF(E13<=-2,16,IF(E13=-1,8,IF(E13=0,4,IF(E13=1,2,IF(E13=2,1,0)))))) | V13: =IF(COUNT($B13:$E13)<4,"",SUMIF($J13:$M13,"A",$R13:$U13)) | W13: =IF(COUNT($B13:$E13)<4,"",SUMIF($J13:$M13,"B",$R13:$U13)) | X13: =IF($V13="","",$V13-$W13) | Y13: =IF(B13="","",B13+AC12/1000+0.00001) | Z13: =IF(C13="","",C13+AD12/1000+0.00002) | AA13: =IF(D13="","",D13+AE12/1000+0.00003) | AB13: =IF(E13="","",E13+AF12/1000+0.00004) | AC13: =IF(Y13="","",1+COUNTIF($Y13:$AB13,"<"&Y13)) | AD13: =IF(Z13="","",1+COUNTIF($Y13:$AB13,"<"&Z13)) | AE13: =IF(AA13="","",1+COUNTIF($Y13:$AB13,"<"&AA13)) | AF13: =IF(AB13="","",1+COUNTIF($Y13:$AB13,"<"&AB13)) | AG13: =IF(B13="","",IF(J13="A",X13,-X13)) | AH13: =IF(C13="","",IF(K13="A",X13,-X13)) | AI13: =IF(D13="","",IF(L13="A",X13,-X13)) | AJ13: =IF(E13="","",IF(M13="A",X13,-X13))
A14: 11 | F14: =IF($B14="","",SUM($B$4:B14)) | G14: =IF($C14="","",SUM($C$4:C14)) | H14: =IF($D14="","",SUM($D$4:D14)) | I14: =IF($E14="","",SUM($E$4:E14)) | J14: =IF(AC13="","",IF(OR(AC13=1,AC13=4),"A","B")) | K14: =IF(AD13="","",IF(OR(AD13=1,AD13=4),"A","B")) | L14: =IF(AE13="","",IF(OR(AE13=1,AE13=4),"A","B")) | M14: =IF(AF13="","",IF(OR(AF13=1,AF13=4),"A","B")) | N14: =IF(COUNT($B14:$E14)<4,"",SUMIF($J14:$M14,"A",$B14:$E14)) | O14: =IF(COUNT($B14:$E14)<4,"",SUMIF($J14:$M14,"B",$B14:$E14)) | P14: =IF(N14="","",IF(N14<=-2,16,IF(N14=-1,8,IF(N14=0,4,IF(N14=1,2,IF(N14=2,1,0)))))) | Q14: =IF(O14="","",IF(O14<=-2,16,IF(O14=-1,8,IF(O14=0,4,IF(O14=1,2,IF(O14=2,1,0)))))) | R14: =IF(B14="","",IF(B14<=-2,16,IF(B14=-1,8,IF(B14=0,4,IF(B14=1,2,IF(B14=2,1,0)))))) | S14: =IF(C14="","",IF(C14<=-2,16,IF(C14=-1,8,IF(C14=0,4,IF(C14=1,2,IF(C14=2,1,0)))))) | T14: =IF(D14="","",IF(D14<=-2,16,IF(D14=-1,8,IF(D14=0,4,IF(D14=1,2,IF(D14=2,1,0)))))) | U14: =IF(E14="","",IF(E14<=-2,16,IF(E14=-1,8,IF(E14=0,4,IF(E14=1,2,IF(E14=2,1,0)))))) | V14: =IF(COUNT($B14:$E14)<4,"",SUMIF($J14:$M14,"A",$R14:$U14)) | W14: =IF(COUNT($B14:$E14)<4,"",SUMIF($J14:$M14,"B",$R14:$U14)) | X14: =IF($V14="","",$V14-$W14) | Y14: =IF(B14="","",B14+AC13/1000+0.00001) | Z14: =IF(C14="","",C14+AD13/1000+0.00002) | AA14: =IF(D14="","",D14+AE13/1000+0.00003) | AB14: =IF(E14="","",E14+AF13/1000+0.00004) | AC14: =IF(Y14="","",1+COUNTIF($Y14:$AB14,"<"&Y14)) | AD14: =IF(Z14="","",1+COUNTIF($Y14:$AB14,"<"&Z14)) | AE14: =IF(AA14="","",1+COUNTIF($Y14:$AB14,"<"&AA14)) | AF14: =IF(AB14="","",1+COUNTIF($Y14:$AB14,"<"&AB14)) | AG14: =IF(B14="","",IF(J14="A",X14,-X14)) | AH14: =IF(C14="","",IF(K14="A",X14,-X14)) | AI14: =IF(D14="","",IF(L14="A",X14,-X14)) | AJ14: =IF(E14="","",IF(M14="A",X14,-X14))
A15: 12 | F15: =IF($B15="","",SUM($B$4:B15)) | G15: =IF($C15="","",SUM($C$4:C15)) | H15: =IF($D15="","",SUM($D$4:D15)) | I15: =IF($E15="","",SUM($E$4:E15)) | J15: =IF(AC14="","",IF(OR(AC14=1,AC14=4),"A","B")) | K15: =IF(AD14="","",IF(OR(AD14=1,AD14=4),"A","B")) | L15: =IF(AE14="","",IF(OR(AE14=1,AE14=4),"A","B")) | M15: =IF(AF14="","",IF(OR(AF14=1,AF14=4),"A","B")) | N15: =IF(COUNT($B15:$E15)<4,"",SUMIF($J15:$M15,"A",$B15:$E15)) | O15: =IF(COUNT($B15:$E15)<4,"",SUMIF($J15:$M15,"B",$B15:$E15)) | P15: =IF(N15="","",IF(N15<=-2,16,IF(N15=-1,8,IF(N15=0,4,IF(N15=1,2,IF(N15=2,1,0)))))) | Q15: =IF(O15="","",IF(O15<=-2,16,IF(O15=-1,8,IF(O15=0,4,IF(O15=1,2,IF(O15=2,1,0)))))) | R15: =IF(B15="","",IF(B15<=-2,16,IF(B15=-1,8,IF(B15=0,4,IF(B15=1,2,IF(B15=2,1,0)))))) | S15: =IF(C15="","",IF(C15<=-2,16,IF(C15=-1,8,IF(C15=0,4,IF(C15=1,2,IF(C15=2,1,0)))))) | T15: =IF(D15="","",IF(D15<=-2,16,IF(D15=-1,8,IF(D15=0,4,IF(D15=1,2,IF(D15=2,1,0)))))) | U15: =IF(E15="","",IF(E15<=-2,16,IF(E15=-1,8,IF(E15=0,4,IF(E15=1,2,IF(E15=2,1,0)))))) | V15: =IF(COUNT($B15:$E15)<4,"",SUMIF($J15:$M15,"A",$R15:$U15)) | W15: =IF(COUNT($B15:$E15)<4,"",SUMIF($J15:$M15,"B",$R15:$U15)) | X15: =IF($V15="","",$V15-$W15) | Y15: =IF(B15="","",B15+AC14/1000+0.00001) | Z15: =IF(C15="","",C15+AD14/1000+0.00002) | AA15: =IF(D15="","",D15+AE14/1000+0.00003) | AB15: =IF(E15="","",E15+AF14/1000+0.00004) | AC15: =IF(Y15="","",1+COUNTIF($Y15:$AB15,"<"&Y15)) | AD15: =IF(Z15="","",1+COUNTIF($Y15:$AB15,"<"&Z15)) | AE15: =IF(AA15="","",1+COUNTIF($Y15:$AB15,"<"&AA15)) | AF15: =IF(AB15="","",1+COUNTIF($Y15:$AB15,"<"&AB15)) | AG15: =IF(B15="","",IF(J15="A",X15,-X15)) | AH15: =IF(C15="","",IF(K15="A",X15,-X15)) | AI15: =IF(D15="","",IF(L15="A",X15,-X15)) | AJ15: =IF(E15="","",IF(M15="A",X15,-X15))
A16: 13 | F16: =IF($B16="","",SUM($B$4:B16)) | G16: =IF($C16="","",SUM($C$4:C16)) | H16: =IF($D16="","",SUM($D$4:D16)) | I16: =IF($E16="","",SUM($E$4:E16)) | J16: =IF(AC15="","",IF(OR(AC15=1,AC15=4),"A","B")) | K16: =IF(AD15="","",IF(OR(AD15=1,AD15=4),"A","B")) | L16: =IF(AE15="","",IF(OR(AE15=1,AE15=4),"A","B")) | M16: =IF(AF15="","",IF(OR(AF15=1,AF15=4),"A","B")) | N16: =IF(COUNT($B16:$E16)<4,"",SUMIF($J16:$M16,"A",$B16:$E16)) | O16: =IF(COUNT($B16:$E16)<4,"",SUMIF($J16:$M16,"B",$B16:$E16)) | P16: =IF(N16="","",IF(N16<=-2,16,IF(N16=-1,8,IF(N16=0,4,IF(N16=1,2,IF(N16=2,1,0)))))) | Q16: =IF(O16="","",IF(O16<=-2,16,IF(O16=-1,8,IF(O16=0,4,IF(O16=1,2,IF(O16=2,1,0)))))) | R16: =IF(B16="","",IF(B16<=-2,16,IF(B16=-1,8,IF(B16=0,4,IF(B16=1,2,IF(B16=2,1,0)))))) | S16: =IF(C16="","",IF(C16<=-2,16,IF(C16=-1,8,IF(C16=0,4,IF(C16=1,2,IF(C16=2,1,0)))))) | T16: =IF(D16="","",IF(D16<=-2,16,IF(D16=-1,8,IF(D16=0,4,IF(D16=1,2,IF(D16=2,1,0)))))) | U16: =IF(E16="","",IF(E16<=-2,16,IF(E16=-1,8,IF(E16=0,4,IF(E16=1,2,IF(E16=2,1,0)))))) | V16: =IF(COUNT($B16:$E16)<4,"",SUMIF($J16:$M16,"A",$R16:$U16)) | W16: =IF(COUNT($B16:$E16)<4,"",SUMIF($J16:$M16,"B",$R16:$U16)) | X16: =IF($V16="","",$V16-$W16) | Y16: =IF(B16="","",B16+AC15/1000+0.00001) | Z16: =IF(C16="","",C16+AD15/1000+0.00002) | AA16: =IF(D16="","",D16+AE15/1000+0.00003) | AB16: =IF(E16="","",E16+AF15/1000+0.00004) | AC16: =IF(Y16="","",1+COUNTIF($Y16:$AB16,"<"&Y16)) | AD16: =IF(Z16="","",1+COUNTIF($Y16:$AB16,"<"&Z16)) | AE16: =IF(AA16="","",1+COUNTIF($Y16:$AB16,"<"&AA16)) | AF16: =IF(AB16="","",1+COUNTIF($Y16:$AB16,"<"&AB16)) | AG16: =IF(B16="","",IF(J16="A",X16,-X16)) | AH16: =IF(C16="","",IF(K16="A",X16,-X16)) | AI16: =IF(D16="","",IF(L16="A",X16,-X16)) | AJ16: =IF(E16="","",IF(M16="A",X16,-X16))
... A21: 18 | F21: =IF($B21="","",SUM($B$4:B21)) | G21: =IF($C21="","",SUM($C$4:C21)) | H21: =IF($D21="","",SUM($D$4:D21)) | I21: =IF($E21="","",SUM($E$4:E21)) | J21: =IF(AC20="","",IF(OR(AC20=1,AC20=4),"A","B")) | K21: =IF(AD20="","",IF(OR(AD20=1,AD20=4),"A","B")) | L21: =IF(AE20="","",IF(OR(AE20=1,AE20=4),"A","B")) | M21: =IF(AF20="","",IF(OR(AF20=1,AF20=4),"A","B")) | N21: =IF(COUNT($B21:$E21)<4,"",SUMIF($J21:$M21,"A",$B21:$E21)) | O21: =IF(COUNT($B21:$E21)<4,"",SUMIF($J21:$M21,"B",$B21:$E21)) | P21: =IF(N21="","",IF(N21<=-2,16,IF(N21=-1,8,IF(N21=0,4,IF(N21=1,2,IF(N21=2,1,0)))))) | Q21: =IF(O21="","",IF(O21<=-2,16,IF(O21=-1,8,IF(O21=0,4,IF(O21=1,2,IF(O21=2,1,0)))))) | R21: =IF(B21="","",IF(B21<=-2,16,IF(B21=-1,8,IF(B21=0,4,IF(B21=1,2,IF(B21=2,1,0)))))) | S21: =IF(C21="","",IF(C21<=-2,16,IF(C21=-1,8,IF(C21=0,4,IF(C21=1,2,IF(C21=2,1,0)))))) | T21: =IF(D21="","",IF(D21<=-2,16,IF(D21=-1,8,IF(D21=0,4,IF(D21=1,2,IF(D21=2,1,0)))))) | U21: =IF(E21="","",IF(E21<=-2,16,IF(E21=-1,8,IF(E21=0,4,IF(E21=1,2,IF(E21=2,1,0)))))) | V21: =IF(COUNT($B21:$E21)<4,"",SUMIF($J21:$M21,"A",$R21:$U21)) | W21: =IF(COUNT($B21:$E21)<4,"",SUMIF($J21:$M21,"B",$R21:$U21)) | X21: =IF($V21="","",$V21-$W21) | Y21: =IF(B21="","",B21+AC20/1000+0.00001) | Z21: =IF(C21="","",C21+AD20/1000+0.00002) | AA21: =IF(D21="","",D21+AE20/1000+0.00003) | AB21: =IF(E21="","",E21+AF20/1000+0.00004) | AC21: =IF(Y21="","",1+COUNTIF($Y21:$AB21,"<"&Y21)) | AD21: =IF(Z21="","",1+COUNTIF($Y21:$AB21,"<"&Z21)) | AE21: =IF(AA21="","",1+COUNTIF($Y21:$AB21,"<"&AA21)) | AF21: =IF(AB21="","",1+COUNTIF($Y21:$AB21,"<"&AB21)) | AG21: =IF(B21="","",IF(J21="A",X21,-X21)) | AH21: =IF(C21="","",IF(K21="A",X21,-X21)) | AI21: =IF(D21="","",IF(L21="A",X21,-X21)) | AJ21: =IF(E21="","",IF(M21="A",X21,-X21))
A22: Net Total | AG22: =SUM(AG4:AG21) -> 0 | AH22: =SUM(AH4:AH21) -> 0 | AI22: =SUM(AI4:AI21) -> 0 | AJ22: =SUM(AJ4:AJ21) -> 0

Sheet Leaderboard
A1: Leaderboard
A3: Player | B3: Driving Rank | C3: Total Score (±par) | D3: Total Net Points | E3: Holes Entered | F3: Avg Pts/Hole
A4: =Setup!B5 -> Nick | B4: =Setup!C5 -> 0 | C4: =SUM(Scorecard!B4:B21) -> 0 | D4: =SUM(Scorecard!AG4:AG21) -> 0 | E4: =COUNT(Scorecard!B4:B21) -> 0 | F4: =IF(E4=0,"",D4/E4)
A5: =Setup!B6 -> Paul | B5: =Setup!C6 -> 0 | C5: =SUM(Scorecard!C4:C21) -> 0 | D5: =SUM(Scorecard!AH4:AH21) -> 0 | E5: =COUNT(Scorecard!C4:C21) -> 0 | F5: =IF(E5=0,"",D5/E5)
A6: =Setup!B7 -> Sam | B6: =Setup!C7 -> 0 | C6: =SUM(Scorecard!D4:D21) -> 0 | D6: =SUM(Scorecard!AI4:AI21) -> 0 | E6: =COUNT(Scorecard!D4:D21) -> 0 | F6: =IF(E6=0,"",D6/E6)
A7: =Setup!B8 -> Andy | B7: =Setup!C8 -> 0 | C7: =SUM(Scorecard!E4:E21) -> 0 | D7: =SUM(Scorecard!AJ4:AJ21) -> 0 | E7: =COUNT(Scorecard!E4:E21) -> 0 | F7: =IF(E7=0,"",D7/E7)
A9: TOTAL | C9: =SUM(C4:C7) -> 0 | D9: =SUM(D4:D7) -> 0 | E9: =MAX(E4:E7) -> 0 | F9: =IF(E9=0,"",D9/E9)
A11: Notes
A12: • Teams change every hole based on the rules in Setup.
A13: • Total Net Points = per-hole team point difference assigned to each teammate (+ for winners, − for losers).
